Name;Surname;job;address;phone;email;credit_card_number;credit_card_expire;credit_card_security_code
Мариан;Глебович;Религиовед;п. Черусти, ул. Кольцевая, д. 5/1, 676075;+82(972)536-44-27;kiselevfedosi@example.net;6258149015091912;10/30;185
Брагина;Синклитикия;Бондарь;д. Усть-Катав, алл. Коммунистическая, д. 8/2 стр. 4, 761731;+53(984)112-26-98;praskovja_29@example.org;347034348910390;03/30;4778
Кузнецова;Василиса;Продавец;п. Красновишерск, бул. Смоленский, д. 335, 247839;+33(244)303-12-31;akim_1975@example.net;2239677332250962;08/30;456
Большакова;Наина;Горничная;ст. Кырен, ш. Парижской Коммуны, д. 920 к. 5/2, 058520;+66(141)966-68-96;shilovmihe@example.com;373148877140521;09/24;565
Павлов;Аполлон;Расточник;п. Грозный, наб. Пионерская, д. 1/7 к. 67, 015955;+91(991)027-66-89;isa2012@example.org;8169124776880955;10/28;825
Попов;Кирилл;Педиатр;клх Сальск, пер. Сплавный, д. 51 стр. 6, 130525;+48(811)507-33-71;refremova@example.com;5405407909541853;09/31;056
Михайлова;Анна;Экономист;с. Енисейск, алл. Станционная, д. 3/3 к. 9, 888456;+12(976)731-55-98;gromovgremislav@example.org;2200484140353103;05/29;244
Зайцева;Валентина;Виноградарь;д. Ишим, алл. Восьмого Марта, д. 45, 735709;+13(138)139-98-19;vsevolod2005@example.com;2297880902058687;08/27;338
Святополк;Архипович;Пулемётчик;к. Снежногорск (Мурм.), бул. Майский, д. 13, 165539;+78(172)292-84-45;artem_1976@example.net;2204674773385036;03/30;381
Дроздова;Маргарита;Военный переводчик;г. Архангельск, ул. Ивановская, д. 502 стр. 1/8, 587797;+04(890)419-84-44;spartak88@example.com;4225402958777772;06/30;236
София;Борисовна;Мастер маникюра;клх Усинск, пр. Лермонтова, д. 4, 718184;+03(745)086-31-92;parfen2003@example.org;373172241738604;01/22;0901
Исаков;Капитон;Промышленный альпинист;п. Тутончаны, бул. Суворова, д. 67 стр. 224, 432321;+21(156)925-24-33;vikenti1990@example.com;376304474367309;02/30;528
Иванна;Романовна;Реставратор;д. Кызыл, алл. Ручейная, д. 5/8 к. 42, 732401;+47(822)922-61-72;ostap01@example.org;371847286440230;06/27;2018
Денисова;Надежда;Астроном;к. Усмань, наб. Морская, д. 58 стр. 85, 212901;+02(415)028-34-78;dorofearhipov@example.net;8170727030981828;09/31;178
Эмилия;Ивановна;Инженер;с. Качканар, бул. Жукова, д. 8/7 к. 599, 197520;+09(499)195-82-41;elizaveta_1987@example.com;374883227039143;06/22;499
Рыбаков;Савва;Журналист;г. Камышлов, пер. Ручейный, д. 7 к. 4, 917789;+91(117)953-68-23;gavrilovpavel@example.com;340128771863600;09/22;353
Галина;Феликсовна;Бондарь;ст. Тимашевск, пер. Буденного, д. 27, 591391;+01(401)061-42-11;sevastjanafanasev@example.net;340570669575244;10/26;442
Майя;Геннадьевна;Художник;ст. Любань, пер. Мирный, д. 640, 663537;+63(732)100-21-60;egorovanaina@example.org;378541703694551;05/29;937
Ильина;Элеонора;Религиовед;ст. Джейрах, бул. Энергетический, д. 98 стр. 35, 655211;+06(615)139-34-75;orehovaangelina@example.net;2713376850903632;08/31;547
Зосима;Егорович;Машинист локомотива;с. Советский, ул. Волочаевская, д. 355 к. 118, 696132;+53(546)828-72-26;milen_19@example.net;2295447949829736;04/24;062
Пелагея;Владиславовна;Кинолог;д. Шатура, пр. Городской, д. 6 стр. 5/1, 709815;+51(690)570-21-13;viktorin_1991@example.org;6200889521620980;03/22;911
Ферапонт;Ильясович;Баталер;п. Устюжна, пр. Элеваторный, д. 1/7, 563287;+21(883)922-27-70;alla1972@example.org;6275355190134943;12/28;278
Буров;Лукьян;Военный переводчик;д. Макаров, ул. Томская, д. 3 к. 17, 224109;+20(088)429-41-76;kliment_10@example.com;2702604851925756;10/22;766
Сысоев;Демид;Сексолог;ст. Беслан, бул. Вишневый, д. 6/1 стр. 208, 517704;+73(563)647-91-23;veselovignati@example.com;4747346342566046;01/30;505
Александра;Борисовна;Тифлопедагог;г. Шерегеш, бул. Труда, д. 19 к. 191, 449632;+46(387)766-94-80;mokeshcherbakov@example.net;6207405342941290;12/30;516
Ширяев;Арефий;Секретчик;к. Усть-Баргузин, бул. Просвещения, д. 308, 466566;+74(179)538-37-84;foka05@example.net;5007414205922680;11/28;663
Цветкова;Майя;Парикмахер;к. Дно, пр. Логовой, д. 253 к. 7/9, 210335;+72(192)070-89-63;hfomichev@example.com;5326299691941201;02/23;032
Пономарева;Октябрина;Машинист;к. Мытищи, ш. Свободное, д. 6, 586747;+32(595)858-73-30;dobroslavpestov@example.org;2203298959184475;12/26;367
Анжела;Владимировна;Интендант;п. Вязьма, алл. Шевченко, д. 8 к. 3, 396565;+56(783)023-09-35;fkuzmin@example.org;2201037473646698;05/28;618
Воронов;Роман;Брокер;ст. Чокурдах, пр. Угловой, д. 29 к. 6, 824134;+04(496)428-08-74;karlbirjukov@example.com;5246581219976430;08/27;188
Анастасия;Егоровна;Промышленный альпинист;клх Сыктывкар, наб. Киевская, д. 72, 153482;+74(404)238-77-18;kopilovvitali@example.net;2202128645496283;01/23;171
Ирина;Ждановна;Военный прокурор;клх Владивосток, наб. Заозерная, д. 25 к. 4/7, 472886;+77(215)260-27-39;kapustinsofron@example.org;2257441250967181;09/28;621
Орлова;Марфа;Проводник;ст. Тольятти, наб. Шевченко, д. 8/1, 939273;+54(224)756-26-89;nazarovaksenija@example.net;343863035957171;03/30;141
Кошелев;Мариан;Киномеханик;д. Камышин, пер. Базарный, д. 6, 469933;+98(011)966-11-94;juvenali1994@example.com;4524531122194197;07/29;275
Акулина;Алексеевна;Кредитный консультант;ст. Тарко-Сале, алл. Станиславского, д. 529, 401579;+47(964)053-41-72;leonid27@example.net;371062819931560;03/23;199
Вероника;Даниловна;Теолог;клх Карачаевск, бул. Родниковый, д. 155 к. 1, 858655;+47(356)328-29-16;efimovaoksana@example.org;8116391788748686;12/27;736
Одинцова;Зоя;Инженер-механик;клх Кузнецк, бул. Енисейский, д. 441, 297824;+73(433)797-96-88;askold_2018@example.org;4589805679174865;11/28;701
Акулина;Владимировна;Кок;г. Забайкальск, бул. Заводской, д. 83, 692865;+11(007)929-38-71;gorbachevjakub@example.com;8139756613191125;02/27;858
Элеонора;Ждановна;Массажист;д. Таштагол, ул. Зои Космодемьянской, д. 6 к. 7/8, 071142;+42(632)342-14-99;oksana_1978@example.net;2204965221514726;10/28;004
Эмилия;Тимуровна;Врач МСЭК;п. Ростов-на-Дону, алл. Алтайская, д. 5/5, 321525;+03(800)912-06-42;milen84@example.org;2202298313292221;01/31;830
Николай;Ерофеевич;Парикмахер;ст. Завьялиха, ш. Революции, д. 90 к. 9/7, 298819;+92(750)913-82-52;pestovdanila@example.org;345644776688763;03/29;041
Василиса;Сергеевна;Астроном;к. Амдерма, пер. Смирнова, д. 7 к. 6, 072082;+41(769)840-73-56;timofeevatatjana@example.net;4954064247069028;07/27;784
Касьян;Тихонович;Сапожник;клх Кандалакша, бул. Садовый, д. 305, 202620;+79(910)941-36-81;xpahomov@example.net;4953834557646214;03/27;920
Фаина;Владимировна;Стрелок;с. Гдов, наб. Фестивальная, д. 4/7 стр. 9, 213622;+44(771)796-37-77;zinovevgerasim@example.org;4017978004158101;09/30;331
Антонова;Валерия;Журналист;п. Шахты, ул. Иванова, д. 5, 339187;+33(284)381-16-05;elizaveta58@example.org;4470720046676884;12/21;3538
Давыд;Валентинович;Машинист локомотива;к. Ангарск, алл. Песочная, д. 3/2 стр. 5/1, 317909;+58(136)083-85-61;nosovaveronika@example.org;4345682426370731;08/26;957
Евдокия;Ильинична;Плотник;клх Новороссийск, пер. Короткий, д. 50 стр. 806, 757303;+04(983)967-96-36;moise2006@example.com;5131494869124574;07/27;702
Попов;Геннадий;Имиджмейкер;с. Сортавала, пр. Крайний, д. 5/4 к. 86, 644622;+06(803)345-64-67;mihe54@example.net;370450976340942;05/23;9401
Никонова;Мария;Футуролог;клх Октябрьское (Хант.), пер. Главный, д. 758 стр. 9/6, 615365;+21(100)660-99-14;isakovsvjatoslav@example.net;346087562945261;12/30;275
Наумова;Дарья;Военно-полевой хирург;г. Суздаль, ул. Щетинкина, д. 52 к. 567, 898139;+43(807)443-57-23;mokestrelkov@example.com;5432151921987671;05/24;345
