title;price_str;price;url
Видеокарта Asus Tuf Gaming 1660 Super;12 900 грн.;12900;https://www.olx.ua/d/obyavlenie/videokarta-asus-tuf-gaming-1660-super-IDNPmiq.html?sd=1#58ecdf0f42
Продам видеокарту Msi geforce gtx 1080ti с коробкой;13 000 грн.Договорная;13000;https://www.olx.ua/d/obyavlenie/prodam-videokartu-msi-geforce-gtx-1080ti-s-korobkoy-IDOGIVp.html?sd=1#58ecdf0f42
Продам видео карту, Nvidia GeForce 3070 ti,gigabyte,в новом состоянии.;30 000 грн.;30000;https://www.olx.ua/d/obyavlenie/prodam-video-kartu-nvidia-geforce-3070-ti-gigabyte-v-novom-sostoyanii-IDOEGXH.html#58ecdf0f42
GIGABYTE GeForce GTX 1660 Ti OC 6G;13 500 грн.;13500;https://www.olx.ua/d/obyavlenie/gigabyte-geforce-gtx-1660-ti-oc-6g-IDOpkDn.html?sd=1#58ecdf0f42
Palit GeForce GTX 1080 DUAL 8 GB;15 000 грн.;15000;https://www.olx.ua/d/obyavlenie/palit-geforce-gtx-1080-dual-8-gb-IDO3kwV.html?sd=1#58ecdf0f42
Майнінг ферма XFX RX 570 8 gb(5шт.);2 500 грн.;2500;https://www.olx.ua/d/obyavlenie/maynng-ferma-xfx-rx-570-8-gb5sht-IDNvgGb.html?sd=1#58ecdf0f42
Видеокарта AMD Radeon RX 5600 XT 6GB GDDR6 Red Dragon 39 mhs KLAVAcomp;15 000 грн.;15000;https://www.olx.ua/d/obyavlenie/videokarta-amd-radeon-rx-5600-xt-6gb-gddr6-red-dragon-39-mhs-klavacomp-IDMurut.html?sd=1#58ecdf0f42
Видеокарта HIS Radeon HD7750 2GB GDDR3 (128bit) (DVI,HDMI,VGA);1 999 грн.;1999;https://www.olx.ua/d/obyavlenie/videokarta-his-radeon-hd7750-2gb-gddr3-128bit-dvi-hdmi-vga-IDMKYmM.html?sd=1#58ecdf0f42
Видеокарта Sapphire Nitro AMD Radeon RX 470 4GB Refurbished;6 000 грн.Договорная;6000;https://www.olx.ua/d/obyavlenie/videokarta-sapphire-nitro-amd-radeon-rx-470-4gb-refurbished-IDOHqkt.html#58ecdf0f42
Видеокарта Asus EXpedition RX470 4gb DVI only 256bit KLAVAcomp;4 399 грн.;4399;https://www.olx.ua/d/obyavlenie/videokarta-asus-expedition-rx470-4gb-dvi-only-256bit-klavacomp-IDLnG2E.html?sd=1#58ecdf0f42
NVIDIA GeForce RTX 3090 24GB founders edition ,Днепр,Киев;59 122 грн.;59122;https://www.olx.ua/d/obyavlenie/nvidia-geforce-rtx-3090-24gb-founders-edition-dnepr-kiev-IDMUDmP.html#58ecdf0f42
MSI  RX 480  8GB;10 800 грн.Договорная;10800;https://www.olx.ua/d/obyavlenie/msi-rx-480-8gb-IDOyLOJ.html?sd=1#58ecdf0f42
Palit RTX 3090 24Gb GamingPro;61 782 грн.;61782;https://www.olx.ua/d/obyavlenie/palit-rtx-3090-24gb-gamingpro-IDOl8Z4.html#58ecdf0f42
Radeon r5 240 1gb;500 грн.;500;https://www.olx.ua/d/obyavlenie/radeon-r5-240-1gb-IDOFmUQ.html?sd=1#58ecdf0f42
Видеокарта Evga gtx 1070 scx, не рабочая!;3 500 грн.;3500;https://www.olx.ua/d/obyavlenie/videokarta-evga-gtx-1070-scx-ne-rabochaya-IDOybYW.html?sd=1#58ecdf0f42
MSI R7 260 1gb GDDR5;1 700 грн.;1700;https://www.olx.ua/d/obyavlenie/msi-r7-260-1gb-gddr5-IDOHq4y.html?sd=1#58ecdf0f42
Видеокарта Gigabyte GTX 1060 3gb;8 500 грн.;8500;https://www.olx.ua/d/obyavlenie/videokarta-gigabyte-gtx-1060-3gb-IDOgwIs.html?sd=1#58ecdf0f42
Palit GeForce® GT 220 1gb DDR2;250 грн.;250;https://www.olx.ua/d/obyavlenie/palit-geforce-gt-220-1gb-ddr2-IDOHpRL.html?sd=1#58ecdf0f42
GTX 1050 2 гб На запчасти;1 500 грн.;1500;https://www.olx.ua/d/obyavlenie/gtx-1050-2-gb-na-zapchasti-IDNYcNn.html?sd=1#58ecdf0f42
Срочно Продам видеокарту Asus Strix Geforce GTX 1070 8gb;8 600 грн.;8600;https://www.olx.ua/d/obyavlenie/srochno-prodam-videokartu-asus-strix-geforce-gtx-1070-8gb-IDOyLtP.html?sd=1#58ecdf0f42
Видеокарта Gigabyte GTX 1060 Windforce OC 3gb GDDR5 (192bit) KLAVAcomp;6 799 грн.;6799;https://www.olx.ua/d/obyavlenie/videokarta-gigabyte-gtx-1060-windforce-oc-3gb-gddr5-192bit-klavacomp-IDNa0DQ.html?sd=1#58ecdf0f42
Видеокарта MSI GeForce GTX1050Ti GAMING X 4GB GDDR5 128bit KLAVAcomp;5 499 грн.;5499;https://www.olx.ua/d/obyavlenie/videokarta-msi-geforce-gtx1050ti-gaming-x-4gb-gddr5-128bit-klavacomp-IDMUtGN.html?sd=1#58ecdf0f42
Видеокарта HIS AMD Radeon R7 240 2gb GDDR3 (128bit) iCooler KLAVAcomp;1 499 грн.;1499;https://www.olx.ua/d/obyavlenie/videokarta-his-amd-radeon-r7-240-2gb-gddr3-128bit-icooler-klavacomp-IDN8u9T.html?sd=1#58ecdf0f42
Asus RX 570  4GB;6 499 грн.Договорная;6499;https://www.olx.ua/d/obyavlenie/asus-rx-570-4gb-IDOHpIJ.html?sd=1#58ecdf0f42
Строчно  Zotac GTX 1080 у відмінному стані;9 500 грн.Договорная;9500;https://www.olx.ua/d/obyavlenie/strochno-zotac-gtx-1080-u-vdmnnomu-stan-IDOsEBe.html?sd=1#58ecdf0f42
ATI Radeon HD 5450 1Gb DDR 3;500 грн.;500;https://www.olx.ua/d/obyavlenie/ati-radeon-hd-5450-1gb-ddr-3-IDGHVP0.html?sd=1#58ecdf0f42
Відеокарта Radeon HD2600 XT;70 грн.Договорная;70;https://www.olx.ua/d/obyavlenie/vdeokarta-radeon-hd2600-xt-IDN6gih.html?sd=1#58ecdf0f42
Видеокарта ASUS AMD Radeon R9 280x 3GB (живая, после ремонта);2 000 грн.;2000;https://www.olx.ua/d/obyavlenie/videokarta-asus-amd-radeon-r9-280x-3gb-zhivaya-posle-remonta-IDNYa3c.html?sd=1#58ecdf0f42
Sapphire Radeon RX 6700 XT 12 GB NITRO + (11306-01-20G) | 48.0 MH/S;26 605 грн.Договорная;26605;https://www.olx.ua/d/obyavlenie/sapphire-radeon-rx-6700-xt-12-gb-nitro-11306-01-20g-48-0-mh-s-IDNHvrf.html#58ecdf0f42
INNO3D GTX 1060 Twin X2 3GB GDDR5;4 600 грн.Договорная;4600;https://www.olx.ua/d/obyavlenie/inno3d-gtx-1060-twin-x2-3gb-gddr5-IDOv98f.html#58ecdf0f42
Видеокарта Asus GTX1650 Dual Mini Edition 4GB GDDR6 128bit KLAVAcomp;7 100 грн.;7100;https://www.olx.ua/d/obyavlenie/videokarta-asus-gtx1650-dual-mini-edition-4gb-gddr6-128bit-klavacomp-IDItbLK.html?sd=1#58ecdf0f42
Вентилятор для видеокарты Nvidia Geforse 9800 GTX.;100 грн.;100;https://www.olx.ua/d/obyavlenie/ventilyator-dlya-videokarty-nvidia-geforse-9800-gtx-IDGOTdP.html?sd=1#58ecdf0f42
Видеокарта Palit NE3TS25NFHD02 GeForce GTS250 512, 256bit, DDR3;700 грн.Договорная;700;https://www.olx.ua/d/obyavlenie/videokarta-palit-ne3ts25nfhd02-geforce-gts250-512-256bit-ddr3-IDJV0wM.html?sd=1#58ecdf0f42
Видеокарта AMD Radeon HD 8490 (1GB/DDR3) DX 11;429 грн.;429;https://www.olx.ua/d/obyavlenie/videokarta-amd-radeon-hd-8490-1gb-ddr3-dx-11-IDOyz25.html?sd=1#58ecdf0f42
MSI RTX 2060 Ventus;14 000 грн.Договорная;14000;https://www.olx.ua/d/obyavlenie/msi-rtx-2060-ventus-IDOEmPj.html?sd=1#58ecdf0f42
Відеокарта Asus HD 6570  1024мб.;750 грн.Договорная;750;https://www.olx.ua/d/obyavlenie/vdeokarta-asus-hd-6570-1024mb-IDOHpv2.html?sd=1#58ecdf0f42
Видеокарта AMD Radeon RX 6500 XT ITX 4GB GDDR6 PowerColor KLAVAcomp;7 700 грн.;7700;https://www.olx.ua/d/obyavlenie/videokarta-amd-radeon-rx-6500-xt-itx-4gb-gddr6-powercolor-klavacomp-IDN8ssc.html?sd=1#58ecdf0f42
Видеокарта AMD Radeon HD 7570 (1GB/128bit/DDR5) DX 11;799 грн.;799;https://www.olx.ua/d/obyavlenie/videokarta-amd-radeon-hd-7570-1gb-128bit-ddr5-dx-11-IDOyBmz.html?sd=1#58ecdf0f42
Кабель DisplayPort - HDMI 1.8 метра монитор;139 грн.;139;https://www.olx.ua/d/obyavlenie/kabel-displayport-hdmi-1-8-metra-monitor-IDNCFuR.html#58ecdf0f42
Відеокарта iCHILL GeForce GTX 960 2GB GDDR5 128-bit X3 Air Boss Ultra;6 000 грн.Договорная;6000;https://www.olx.ua/d/obyavlenie/vdeokarta-ichill-geforce-gtx-960-2gb-gddr5-128-bit-x3-air-boss-ultra-IDOttU9.html?sd=1#58ecdf0f42
Видеокарта TwinFrozr R9 270X Hawk 2Gb 256Bit;2 300 грн.;2300;https://www.olx.ua/d/obyavlenie/videokarta-twinfrozr-r9-270x-hawk-2gb-256bit-IDOHpmr.html?sd=1#58ecdf0f42
Відеокарта Nvidia GT 220 1GB;360 грн.;360;https://www.olx.ua/d/obyavlenie/vdeokarta-nvidia-gt-220-1gb-IDOy42J.html?sd=1#58ecdf0f42
Видеокарта ASUS ROG STRIX RTX 2070 8GB;13 500 грн.;13500;https://www.olx.ua/d/obyavlenie/videokarta-asus-rog-strix-rtx-2070-8gb-IDOHpl1.html?sd=1#58ecdf0f42
Видеокарта Evga Rtx 3060 xc лучше palit gigabyte pny kfa 2 inno3d;19 000 грн.;19000;https://www.olx.ua/d/obyavlenie/videokarta-evga-rtx-3060-xc-luchshe-palit-gigabyte-pny-kfa-2-inno3d-IDNJzgz.html?sd=1#58ecdf0f42
Проблемная Видеокарта HIS 480 8Gb + Гарантия. Выдает 30+ Мх;4 434 грн.;4434;https://www.olx.ua/d/obyavlenie/problemnaya-videokarta-his-480-8gb-garantiya-vydaet-30-mh-IDOEKzc.html#8541ba4a1b
Майнинг Ферма 6700 xt 6800 xt риг Red devil powercolor 6700xt 6800xt;156 673 грн.Договорная;156673;https://www.olx.ua/d/obyavlenie/mayning-ferma-6700-xt-6800-xt-rig-red-devil-powercolor-6700xt-6800xt-IDNyAyO.html#8541ba4a1b
Відеокарта Nvidia Geforce 1660 asus TUF Gaming 6 gb;11 000 грн.Договорная;11000;https://www.olx.ua/d/obyavlenie/vdeokarta-nvidia-geforce-1660-asus-tuf-gaming-6-gb-IDOvHso.html?sd=1#8541ba4a1b
Asus TUF GTX1660TI 6GB EVO NO LHR/Гарантия 12мес/Trade-IN/SiliconFox;17 545 грн.;17545;https://www.olx.ua/d/obyavlenie/asus-tuf-gtx1660ti-6gb-evo-no-lhr-garantiya-12mes-trade-in-siliconfox-IDN28NI.html?sd=1#8541ba4a1b
Продам видеокарту gtx 1050 2 gb gDDR5 128bit (в рабочем состоянии);3 700 грн.;3700;https://www.olx.ua/d/obyavlenie/prodam-videokartu-gtx-1050-2-gb-gddr5-128bit-v-rabochem-sostoyanii-IDOwwWG.html?sd=1#8541ba4a1b
Відеокарта Gigabyte GTX1660 Super OC 6GB гарантія Розетка;12 800 грн.;12800;https://www.olx.ua/d/obyavlenie/vdeokarta-gigabyte-gtx1660-super-oc-6gb-garantya-rozetka-IDOHphz.html?sd=1#8541ba4a1b
Palit Dual GTX1060 3Gb;5 100 грн.;5100;https://www.olx.ua/d/obyavlenie/palit-dual-gtx1060-3gb-IDOtBKc.html?sd=1#8541ba4a1b
Видеокарта Zotac GeForce GTX 1660 SUPER (ZT-T16620F-10L);12 711 грн.;12711;https://www.olx.ua/d/obyavlenie/videokarta-zotac-geforce-gtx-1660-super-zt-t16620f-10l-IDODPSa.html#8541ba4a1b
Nvidia gtx1080 8gb Gigabyte;13 000 грн.;13000;https://www.olx.ua/d/obyavlenie/nvidia-gtx1080-8gb-gigabyte-IDOv8A9.html?sd=1#8541ba4a1b
Видеокарта hd 3750 512mb на равне с hd 3850;350 грн.Договорная;350;https://www.olx.ua/d/obyavlenie/videokarta-hd-3750-512mb-na-ravne-s-hd-3850-IDOHp3c.html?sd=1#8541ba4a1b
Низкопрофильная видеокарта AMD Radeon HD5450 - 512 MB (НОВАЯ);350 грн.;350;https://www.olx.ua/d/obyavlenie/nizkoprofilnaya-videokarta-amd-radeon-hd5450-512-mb-novaya-IDOCO5v.html?sd=1#8541ba4a1b
Asus GeForce GTX 1060 Dual 6 GB GDDR5 (192bit) (1569/8008);9 900 грн.;9900;https://www.olx.ua/d/obyavlenie/asus-geforce-gtx-1060-dual-6-gb-gddr5-192bit-1569-8008-IDOyRL9.html?sd=1#8541ba4a1b
Відеокарти Quadro, GT 710, HD 7450, HD5450, AMD FirePro, GT 420 і ін;330 грн.;330;https://www.olx.ua/d/obyavlenie/vdeokarti-quadro-gt-710-hd-7450-hd5450-amd-firepro-gt-420-n-IDOtyQe.html?sd=1#8541ba4a1b
Видеокарта AMD RX 570 GAMING 4Gb MI;6 500 грн.;6500;https://www.olx.ua/d/obyavlenie/videokarta-amd-rx-570-gaming-4gb-mi-IDNYc15.html?sd=1#8541ba4a1b
ГАРАНТІЯ Відеокарта MSI GeForce RTX 2060 VENTUS GP OC 6 ГБ, до 2025;17 199 грн.;17199;https://www.olx.ua/d/obyavlenie/garantya-vdeokarta-msi-geforce-rtx-2060-ventus-gp-oc-6-gb-do-2025-IDOtvsR.html?sd=1#8541ba4a1b
Видеокарта Sapphire Nitro AMD Radeon RX 470 4GB Refurbished;5 000 грн.;5000;https://www.olx.ua/d/obyavlenie/videokarta-sapphire-nitro-amd-radeon-rx-470-4gb-refurbished-IDOHoXw.html?sd=1#8541ba4a1b
Видеркарта AMD Radeon RX 6800 XT Graphics 6800xt 6700xt 6600xt;44 000 грн.;44000;https://www.olx.ua/d/obyavlenie/viderkarta-amd-radeon-rx-6800-xt-graphics-6800xt-6700xt-6600xt-IDN8xP3.html#8541ba4a1b
Видеокарта ASUS Radeon RX 6800 AMD GAMING OC 16G 6800xt 6700xt 6600xt;39 999 грн.;39999;https://www.olx.ua/d/obyavlenie/videokarta-asus-radeon-rx-6800-amd-gaming-oc-16g-6800xt-6700xt-6600xt-IDNpL2O.html#8541ba4a1b
Видекарта Rx 580 8gb asus;7 500 грн.Договорная;7500;https://www.olx.ua/d/obyavlenie/videkarta-rx-580-8gb-asus-IDOrA3S.html?sd=1#8541ba4a1b
Відеокарта Gigabyte AMD Radeon RX 5600 XT 6Gb | ГАРАНТІЯ 2 роки;20 000 грн.Договорная;20000;https://www.olx.ua/d/obyavlenie/vdeokarta-gigabyte-amd-radeon-rx-5600-xt-6gb-garantya-2-roki-IDOtuuH.html?sd=1#8541ba4a1b
Продам видеокарту r7 240 2gb gddr5;2 100 грн.;2100;https://www.olx.ua/d/obyavlenie/prodam-videokartu-r7-240-2gb-gddr5-IDOHoNF.html?sd=1#8541ba4a1b
Видеокарта Sapphire R9 390 8GB;8 000 грн.;8000;https://www.olx.ua/d/obyavlenie/videokarta-sapphire-r9-390-8gb-IDOHoLV.html?sd=1#8541ba4a1b
Майнинг ферма на 6 карт Asus Strix GTX 1080 8 Gb.;110 000 грн.Договорная;110000;https://www.olx.ua/d/obyavlenie/mayning-ferma-na-6-kart-asus-strix-gtx-1080-8-gb-IDObG2x.html#8541ba4a1b
Видеокарта GTX650ti;3 000 грн.;3000;https://www.olx.ua/d/obyavlenie/videokarta-gtx650ti-IDOjVl2.html?sd=1#8541ba4a1b
RTX 3060 Ti Asus 8 GB mini Відеокарта / Видеокарта;23 800 грн.Договорная;23800;https://www.olx.ua/d/obyavlenie/rtx-3060-ti-asus-8-gb-mini-vdeokarta-videokarta-IDOv853.html?sd=1#8541ba4a1b
Відеокарта HD7770 1gb ASUS не gtx650/550/1030/660/750;1 199 грн.;1199;https://www.olx.ua/d/obyavlenie/vdeokarta-hd7770-1gb-asus-ne-gtx650-550-1030-660-750-IDOv83k.html?sd=1#8541ba4a1b
GTX 1080 Asus Strix СРОЧНО!;13 500 грн.;13500;https://www.olx.ua/d/obyavlenie/gtx-1080-asus-strix-srochno-IDMszEN.html?sd=1#8541ba4a1b
Видеокарта Sapphire RX 580 Nitro+ 4GB;6 000 грн.;6000;https://www.olx.ua/d/obyavlenie/videokarta-sapphire-rx-580-nitro-4gb-IDOHoz4.html?sd=1#8541ba4a1b
Продас 750 ti 2gb;2 100 грн.;2100;https://www.olx.ua/d/obyavlenie/prodas-750-ti-2gb-IDOHowq.html?sd=1#8541ba4a1b
Відеокарта r9 280x 3gb xfx sapphire не gtx1050/950/1060/1030/770;2 990 грн.;2990;https://www.olx.ua/d/obyavlenie/vdeokarta-r9-280x-3gb-xfx-sapphire-ne-gtx1050-950-1060-1030-770-IDOv7Um.html?sd=1#8541ba4a1b
R9 290 4gb ASUS не gtx1050/rx470/950/750/670/1060/1030;2 990 грн.;2990;https://www.olx.ua/d/obyavlenie/r9-290-4gb-asus-ne-gtx1050-rx470-950-750-670-1060-1030-IDOv7OR.html?sd=1#8541ba4a1b
Gtx 1080 8 Gb Nvidia Відеокарта / Видеокарта Zotac;13 200 грн.;13200;https://www.olx.ua/d/obyavlenie/gtx-1080-8-gb-nvidia-vdeokarta-videokarta-zotac-IDOv7NV.html?sd=1#8541ba4a1b
Sapphire Radeon RX 470 8 gb OC NITRO+ Samsung;9 800 грн.;9800;https://www.olx.ua/d/obyavlenie/sapphire-radeon-rx-470-8-gb-oc-nitro-samsung-IDOv7O1.html?sd=1#8541ba4a1b
Продам 7870;2 500 грн.;2500;https://www.olx.ua/d/obyavlenie/prodam-7870-IDOFlic.html#8541ba4a1b
Sapphire nitro+ rx 480 4gb;3 000 грн.;3000;https://www.olx.ua/d/obyavlenie/sapphire-nitro-rx-480-4gb-IDOHogc.html?sd=1#8541ba4a1b
Видеокарта ASUS RX570 4Gb 256bit Отличное сост ( rx580 gtx 1060 );7 000 грн.;7000;https://www.olx.ua/d/obyavlenie/videokarta-asus-rx570-4gb-256bit-otlichnoe-sost-rx580-gtx-1060-IDKS1WL.html?sd=1#8541ba4a1b
Gtx 750 ti 2gb asus;2 699 грн.;2699;https://www.olx.ua/d/obyavlenie/gtx-750-ti-2gb-asus-IDOAyDL.html#8541ba4a1b
Видеокарта ASUS EN8600GT MG/HTP/512M/A _Б/У;500 грн.;500;https://www.olx.ua/d/obyavlenie/videokarta-asus-en8600gt-mg-htp-512m-a-b-u-IDOFPeh.html?sd=1#8541ba4a1b
Gtx 950 2gb zotac;3 200 грн.Договорная;3200;https://www.olx.ua/d/obyavlenie/gtx-950-2gb-zotac-IDOGcDr.html#8541ba4a1b
Gigabyte GTX 1060 - 6 GB;7 500 грн.Договорная;7500;https://www.olx.ua/d/obyavlenie/gigabyte-gtx-1060-6-gb-IDOFOZF.html#8541ba4a1b
Відеокарта r7 360 2gb ASUS не gtx1030/950/750/960/660;1 690 грн.;1690;https://www.olx.ua/d/obyavlenie/vdeokarta-r7-360-2gb-asus-ne-gtx1030-950-750-960-660-IDOv7uz.html?sd=1#8541ba4a1b
Видеокарта Radeeon 9600 pro;200 грн.;200;https://www.olx.ua/d/obyavlenie/videokarta-radeeon-9600-pro-IDNxC1r.html?sd=1#8541ba4a1b
Продам відео карту zotac gtx 1060 3gb;6 500 грн.;6500;https://www.olx.ua/d/obyavlenie/prodam-vdeo-kartu-zotac-gtx-1060-3gb-IDOHo4o.html?sd=1#8541ba4a1b
ASUS EN9800GT 512Mb 256bit ddr3;575 грн.Договорная;575;https://www.olx.ua/d/obyavlenie/asus-en9800gt-512mb-256bit-ddr3-IDOHo0s.html?sd=1#8541ba4a1b
Видеокарта Asus Duo RX5700 8gb(56-57мх);22 000 грн.;22000;https://www.olx.ua/d/obyavlenie/videokarta-asus-duo-rx5700-8gb56-57mh-IDNsz1Z.html?sd=1#8e4003ee15
(62МХ) Видеокарта (БЕЗ LHR) RTX 3070 8Gb PALIT (Новые, есть 16 шт);33 995 грн.;33995;https://www.olx.ua/d/obyavlenie/62mh-videokarta-bez-lhr-rtx-3070-8gb-palit-novye-est-16-sht-IDNNlLI.html#8e4003ee15
Rtx 3070 ti asus oc 80 MH!;33 500 грн.;33500;https://www.olx.ua/d/obyavlenie/rtx-3070-ti-asus-oc-80-mh-IDOEARq.html#8e4003ee15
Відеокарта GeForce GT1030 2048Mb GIGABYTE DDR4;3 200 грн.;3200;https://www.olx.ua/d/obyavlenie/vdeokarta-geforce-gt1030-2048mb-gigabyte-ddr4-IDOEyib.html?sd=1#8e4003ee15
Видеокарта XFX RX580 8Gb;8 700 грн.;8700;https://www.olx.ua/d/obyavlenie/videokarta-xfx-rx580-8gb-IDOCuVs.html?sd=1#8e4003ee15
ASUS EN9800GT 512Mb 256bit ddr3;575 грн.Договорная;575;https://www.olx.ua/d/obyavlenie/asus-en9800gt-512mb-256bit-ddr3-IDOHo0s.html?sd=1#8e4003ee15
R9 270 2gb gddr5 ASUS;2 199 грн.Договорная;2199;https://www.olx.ua/d/obyavlenie/r9-270-2gb-gddr5-asus-IDOGkZU.html#8e4003ee15
Відеокарта RX 550 2gb MSI не gtx 1050/750/950/1030;2 490 грн.;2490;https://www.olx.ua/d/obyavlenie/vdeokarta-rx-550-2gb-msi-ne-gtx-1050-750-950-1030-IDOv7oy.html?sd=1#8e4003ee15
Rx 580 8 Gb Gigabyte Відеокарта / Видеокарта Radeon;11 500 грн.Договорная;11500;https://www.olx.ua/d/obyavlenie/rx-580-8-gb-gigabyte-vdeokarta-videokarta-radeon-IDOv7hT.html?sd=1#8e4003ee15
RX 5700 XT gaming OC 8G;23 200 грн.;23200;https://www.olx.ua/d/obyavlenie/rx-5700-xt-gaming-oc-8g-IDOzYG3.html?sd=1#8e4003ee15
Evga Gtx 1660 super supper 6gb ігрова відеокарта потужна тиха холодна;12 870 грн.;12870;https://www.olx.ua/d/obyavlenie/evga-gtx-1660-super-supper-6gb-grova-vdeokarta-potuzhna-tiha-holodna-IDOpTHm.html?sd=1#8e4003ee15
Оформлена Видеокарта MSI R9 390 Gaming 8gb;5 000 грн.;5000;https://www.olx.ua/d/obyavlenie/oformlena-videokarta-msi-r9-390-gaming-8gb-IDOv2kX.html?sd=1#8e4003ee15
Продам видеокарту Geforce GTX 980ti от msi;10 500 грн.;10500;https://www.olx.ua/d/obyavlenie/prodam-videokartu-geforce-gtx-980ti-ot-msi-IDOEl1l.html?sd=1#8e4003ee15
EVGA GeForce RTX 3060 Ti FTW3 ULTRA GAMING 8GB - как новая;23 500 грн.;23500;https://www.olx.ua/d/obyavlenie/evga-geforce-rtx-3060-ti-ftw3-ultra-gaming-8gb-kak-novaya-IDOEl1x.html?sd=1#8e4003ee15
Ігрова Відеокарта GTX 760 2gb inno3d не 750/1050/950/770;2 499 грн.;2499;https://www.olx.ua/d/obyavlenie/grova-vdeokarta-gtx-760-2gb-inno3d-ne-750-1050-950-770-IDOv77c.html?sd=1#8e4003ee15
Видеокарта RTX 3060 PALIT StormX 12GB;18 500 грн.;18500;https://www.olx.ua/d/obyavlenie/videokarta-rtx-3060-palit-stormx-12gb-IDOv73y.html?sd=1#8e4003ee15
Видеокарты NVIDIA GeForce GTX 760 2GB GDDR5 MSI/GIGABYTE/ASUS Гарантия;3 100 грн.;3100;https://www.olx.ua/d/obyavlenie/videokarty-nvidia-geforce-gtx-760-2gb-gddr5-msi-gigabyte-asus-garantiya-IDOD2TN.html?sd=1#8e4003ee15
Новые видеокарты AMD Radeon RX 550 2GB GDDR5 MSI/SAPPHIRE Гарантия!;2 900 грн.;2900;https://www.olx.ua/d/obyavlenie/novye-videokarty-amd-radeon-rx-550-2gb-gddr5-msi-sapphire-garantiya-IDODvSn.html?sd=1#8e4003ee15
Рабочие игровые и офисные видеокарты AMD/NVIDIA GT/GTX/HD/RX Гарантия!;700 грн.;700;https://www.olx.ua/d/obyavlenie/rabochie-igrovye-i-ofisnye-videokarty-amd-nvidia-gt-gtx-hd-rx-garantiya-IDODxHK.html?sd=1#8e4003ee15
GPU видеокарта питание 6pin 8pin переходник;49 грн.;49;https://www.olx.ua/d/obyavlenie/gpu-videokarta-pitanie-6pin-8pin-perehodnik-IDOHnCQ.html?sd=1#8e4003ee15
Ігрова Відеокарта HD7850 2gb Radeon не gtx750/650/550/660/560;1 990 грн.;1990;https://www.olx.ua/d/obyavlenie/grova-vdeokarta-hd7850-2gb-radeon-ne-gtx750-650-550-660-560-IDOv719.html?sd=1#8e4003ee15
ІГРОВА Відеокарта ASUS і1GB 128bit DDR5 в ідеалі . Спортивна машина;1 499 грн.;1499;https://www.olx.ua/d/obyavlenie/grova-vdeokarta-asus-1gb-128bit-ddr5-v-deal-sportivna-mashina-IDKovtV.html?sd=1#8e4003ee15
HP DELL NVIDIA Quadro FX 3800 1Gb 256-Bit профессиональная видеокарта;1 499 грн.;1499;https://www.olx.ua/d/obyavlenie/hp-dell-nvidia-quadro-fx-3800-1gb-256-bit-professionalnaya-videokarta-IDGxMw8.html?sd=1#8e4003ee15
GTX 660ti 2gb MSI Twin Frozr II Ідеал!;2 299 грн.;2299;https://www.olx.ua/d/obyavlenie/gtx-660ti-2gb-msi-twin-frozr-ii-deal-IDOv6P8.html?sd=1#8e4003ee15
Видеокарта Radeon R9 270x;1 000 грн.Договорная;1000;https://www.olx.ua/d/obyavlenie/videokarta-radeon-r9-270x-IDOHnnz.html?sd=1#8e4003ee15
Видеокарта EVGA Geforce GTX 1070 SC 8GB;10 000 грн.;10000;https://www.olx.ua/d/obyavlenie/videokarta-evga-geforce-gtx-1070-sc-8gb-IDOpZMr.html?sd=1#8e4003ee15
Відеокарта GTX 760 2gb EVGA не 750/950/650/660/1050;2 499 грн.;2499;https://www.olx.ua/d/obyavlenie/vdeokarta-gtx-760-2gb-evga-ne-750-950-650-660-1050-IDOv6Lz.html?sd=1#8e4003ee15
Відеокарта GTX 660ti 2gb Gigabyte не 750/550/650/950;2 299 грн.;2299;https://www.olx.ua/d/obyavlenie/vdeokarta-gtx-660ti-2gb-gigabyte-ne-750-550-650-950-IDOv6Iy.html?sd=1#8e4003ee15
Відеокарта Radeon HD6790 1gb Amd не gtx 650/550/750/560/660;990 грн.;990;https://www.olx.ua/d/obyavlenie/vdeokarta-radeon-hd6790-1gb-amd-ne-gtx-650-550-750-560-660-IDOv6Dl.html?sd=1#8e4003ee15
XFX RX-470 8GB (2 Видеокарты RX470 НЕ RX480 RX570 RX580);7 580 грн.Договорная;7580;https://www.olx.ua/d/obyavlenie/xfx-rx-470-8gb-2-videokarty-rx470-ne-rx480-rx570-rx580-IDOuI6x.html?sd=1#8e4003ee15
Видеокарта 7770. На 1 Гб.;800 грн.;800;https://www.olx.ua/d/obyavlenie/videokarta-7770-na-1-gb-IDOHni7.html?sd=1#8e4003ee15
MSI GeForce GTX 1070 8GB Armor;8 500 грн.;8500;https://www.olx.ua/d/obyavlenie/msi-geforce-gtx-1070-8gb-armor-IDOHnfY.html?sd=1#8e4003ee15
Видеокарта MSI GeForce GTX 1650 Super Ventus XS (гарантия);8 800 грн.Договорная;8800;https://www.olx.ua/d/obyavlenie/videokarta-msi-geforce-gtx-1650-super-ventus-xs-garantiya-IDOHndD.html?sd=1#8e4003ee15
Відеокарата: ATI Radeon HD 2600 XT gddr4;700 грн.Договорная;700;https://www.olx.ua/d/obyavlenie/vdeokarata-ati-radeon-hd-2600-xt-gddr4-IDOHncF.html#8e4003ee15
ASUS GTX1060 Dual 3Gb O3G;7 000 грн.;7000;https://www.olx.ua/d/obyavlenie/asus-gtx1060-dual-3gb-o3g-IDMY9EZ.html?sd=1#8e4003ee15
Видеокарта R9 280x 3gb Gigabyte gddr5 384bit;2 400 грн.;2400;https://www.olx.ua/d/obyavlenie/videokarta-r9-280x-3gb-gigabyte-gddr5-384bit-IDOHn9P.html#8e4003ee15
MSI GeForce GTX 1660 Ti ventus XS OC 6gb запечатанная;16 500 грн.Договорная;16500;https://www.olx.ua/d/obyavlenie/msi-geforce-gtx-1660-ti-ventus-xs-oc-6gb-zapechatannaya-IDNWRuh.html?sd=1#8e4003ee15
Відеокарта r9 270x 2gb Vapor-x Sapphire Radeon gtx950/1050/750/760;2 499 грн.;2499;https://www.olx.ua/d/obyavlenie/vdeokarta-r9-270x-2gb-vapor-x-sapphire-radeon-gtx950-1050-750-760-IDOv6xc.html?sd=1#8e4003ee15
Видеокарта Asus ROG Strix 1060 6GB;9 300 грн.;9300;https://www.olx.ua/d/obyavlenie/videokarta-asus-rog-strix-1060-6gb-IDOpAjU.html?sd=1#8e4003ee15
Відеокарта R9 270X 2G DDR5;1 100 грн.Договорная;1100;https://www.olx.ua/d/obyavlenie/vdeokarta-r9-270x-2g-ddr5-IDOHn5H.html?sd=1#8e4003ee15
GeForce® GTX 1080 Ti Founders Edition Zotac 11Gb Gddr5X;11 824 грн.Договорная;11824;https://www.olx.ua/d/obyavlenie/geforce-gtx-1080-ti-founders-edition-zotac-11gb-gddr5x-IDOFNJw.html#8e4003ee15
Palit GeForce RTX 3060 Ti Dual;32 517 грн.;32517;https://www.olx.ua/d/obyavlenie/palit-geforce-rtx-3060-ti-dual-IDOHn3o.html#8e4003ee15
Видеокарта Nvidia GeForce GT 1030 с коробкой;3 000 грн.;3000;https://www.olx.ua/d/obyavlenie/videokarta-nvidia-geforce-gt-1030-s-korobkoy-IDOGk1i.html?sd=1#8e4003ee15
Видеокарта GIGABYTE RTX 3060 Aorus Elite 12GB;25 000 грн.;25000;https://www.olx.ua/d/obyavlenie/videokarta-gigabyte-rtx-3060-aorus-elite-12gb-IDOEiW5.html?sd=1#8e4003ee15
